,index,DayPrecip,DayAirTmpMin,DayAirTmpMax,DayEto,DayAirTmpAvg,DaySolRadAvg,DayWindSpdAvg,Eto_values,Kc_values,Etc_values,Etc_cum,Soil_Water_Deficit,Soil_Water_Deficit_cum
0,2018-01-01,0.0,33.1,63.1,0.03,46.4,154.0,1.5,0.04,0.6550649509733737,0.02620259803893495,0.02620259803893495,-0.02620259803893495,-0.02620259803893495
1,2018-01-02,0.0,35.7,60.5,0.02,49.0,87.0,1.9,0.02,0.6550649509733737,0.013101299019467475,0.039303897058402426,-0.013101299019467475,-0.039303897058402426
2,2018-01-03,0.05,42.7,57.5,0.01,51.1,45.0,2.2,0.01,0.6550649509733737,0.006550649509733737,0.045854546568136166,0.04344935049026626,0.004145453431863837
3,2018-01-04,0.01,51.6,63.1,0.02,56.5,106.0,3.0,0.03,0.6550649509733737,0.01965194852920121,0.06550649509733737,-0.00965194852920121,-0.005506495097337373
4,2018-01-05,0.24,51.9,60.1,0.0,55.5,55.0,1.6,0.01,0.6550649509733737,0.006550649509733737,0.0720571446070711,0.23344935049026624,0.22794285539292888
5,2018-01-06,0.0,36.2,59.6,0.04,48.1,203.0,1.9,0.04,0.6550649509733737,0.02620259803893495,0.09825974264600605,-0.02620259803893495,0.20174025735399392
6,2018-01-07,0.0,32.3,50.4,0.01,42.6,64.0,1.1,0.01,0.6550649509733737,0.006550649509733737,0.10481039215573978,-0.006550649509733737,0.19518960784426018
7,2018-01-08,1.95,47.2,56.4,0.0,52.0,21.0,3.5,0.0,0.6550649509733737,0.0,0.10481039215573978,1.95,2.14518960784426
8,2018-01-09,0.22,44.9,62.3,0.02,55.4,99.0,2.3,0.02,0.6550649509733737,0.013101299019467475,0.11791169117520726,0.20689870098053253,2.3520883088247926
9,2018-01-10,0.01,42.8,58.0,0.02,50.3,102.0,2.4,0.02,0.6550649509733737,0.013101299019467475,0.13101299019467474,-0.0031012990194674746,2.348987009805325
10,2018-01-11,0.0,40.8,61.6,0.02,49.9,133.0,1.4,0.03,0.6550649509733737,0.01965194852920121,0.15066493872387596,-0.01965194852920121,2.329335061276124
11,2018-01-12,0.0,38.1,59.7,0.02,47.5,131.0,1.6,0.03,0.6550649509733737,0.01965194852920121,0.17031688725307717,-0.01965194852920121,2.309683112746923
12,2018-01-13,0.0,34.8,56.7,0.04,46.5,192.0,4.5,0.03,0.6550649509733737,0.01965194852920121,0.18996883578227838,-0.01965194852920121,2.290031164217722
13,2018-01-14,0.0,38.3,56.7,0.02,48.2,121.0,3.9,0.02,0.6550649509733737,0.013101299019467475,0.20307013480174585,-0.013101299019467475,2.2769298651982544
14,2018-01-15,0.0,40.3,57.1,0.03,49.8,157.0,2.2,0.03,0.6550649509733737,0.01965194852920121,0.22272208333094706,-0.01965194852920121,2.2572779166690533
15,2018-01-16,0.03,50.6,57.2,0.01,54.1,72.0,1.9,0.01,0.6550649509733737,0.006550649509733737,0.2292727328406808,0.023449350490266262,2.2807272671593197
16,2018-01-17,0.0,49.5,57.1,0.02,53.2,105.0,2.4,0.02,0.6550649509733737,0.013101299019467475,0.24237403186014828,-0.013101299019467475,2.267625968139852
17,2018-01-18,0.13,48.3,56.8,0.0,52.1,43.0,2.4,0.0,0.6550649509733737,0.0,0.24237403186014828,0.13,2.397625968139852
18,2018-01-19,0.0,33.2,60.2,0.04,45.1,196.0,1.9,0.04,0.6550649509733737,0.02620259803893495,0.2685766298990832,-0.02620259803893495,2.371423370100917
19,2018-01-20,0.01,28.5,60.2,0.05,42.1,236.0,2.0,0.05,0.6550649509733737,0.032753247548668686,0.3013298774477519,-0.022753247548668684,2.3486701225522486
20,2018-01-21,0.07,30.0,55.5,0.03,44.2,150.0,2.6,0.03,0.6550649509733737,0.01965194852920121,0.32098182597695313,0.050348051470798794,2.3990181740230474
21,2018-01-22,0.33,35.5,57.2,0.03,50.1,148.0,4.3,0.03,0.6550649509733737,0.01965194852920121,0.34063377450615434,0.3103480514707988,2.709366225493846
22,2018-01-23,0.0,34.4,59.5,0.05,44.5,234.0,1.8,0.05,0.6550649509733737,0.032753247548668686,0.37338702205482305,-0.032753247548668686,2.6766129779451773
23,2018-01-24,0.33,35.3,56.6,0.01,45.9,72.0,3.0,0.01,0.6550649509733737,0.006550649509733737,0.37993767156455677,0.3234493504902663,3.0000623284354435
24,2018-01-25,0.27,33.6,56.1,0.04,43.9,188.0,2.2,0.04,0.6550649509733737,0.02620259803893495,0.4061402696034917,0.24379740196106506,3.2438597303965087
25,2018-01-26,0.0,29.5,55.5,0.05,41.2,231.0,1.9,0.04,0.6557693228555225,0.0262307729142209,0.4323710425177126,-0.0262307729142209,3.2176289574822876
26,2018-01-27,0.0,37.3,64.6,0.05,47.9,229.0,1.6,0.05,0.6564736947376713,0.03282368473688357,0.46519472725459615,-0.03282368473688357,3.184805272745404
27,2018-01-28,0.0,33.8,64.6,0.06,48.3,254.0,1.8,0.06,0.6571780666198199,0.03943068399718919,0.5046254112517854,-0.03943068399718919,3.1453745887482145
28,2018-01-29,0.0,36.7,60.9,0.03,46.7,131.0,1.9,0.03,0.6578824385019687,0.01973647315505906,0.5243618844068445,-0.01973647315505906,3.1256381155931554
29,2018-01-30,0.0,32.0,65.0,0.06,47.7,234.0,1.7,0.06,0.6585868103841175,0.03951520862304705,0.5638770930298915,-0.03951520862304705,3.0861229069701084
30,2018-01-31,0.0,33.4,66.3,0.06,48.7,252.0,1.7,0.06,0.6592911822662662,0.03955747093597597,0.6034345639658675,-0.03955747093597597,3.0465654360341325
31,2018-02-01,0.0,39.2,71.5,0.06,53.0,241.0,1.7,0.07,0.6599955541484149,0.04619968879038905,0.6496342527562565,-0.04619968879038905,3.0003657472437437
32,2018-02-02,0.0,39.4,74.1,0.07,53.5,242.0,2.0,0.07,0.6606999260305637,0.04624899482213946,0.695883247578396,-0.04624899482213946,2.954116752421604
33,2018-02-03,0.0,38.0,75.0,0.08,54.5,257.0,2.3,0.08,0.6769272255172409,0.05415417804137928,0.7500374256197753,-0.05415417804137928,2.8999625743802246
34,2018-02-04,0.0,41.3,74.4,0.07,54.9,238.0,2.1,0.07,0.6931545250039182,0.048520816750274275,0.7985582423700496,-0.048520816750274275,2.8514417576299502
35,2018-02-05,0.0,40.7,71.6,0.07,53.7,250.0,1.8,0.07,0.7093818244905954,0.04965672771434168,0.8482149700843913,-0.04965672771434168,2.8017850299156084
36,2018-02-07,0.0,36.1,72.5,0.08,53.8,267.0,2.8,0.08,0.7256091239772727,0.05804872991818182,0.9062637000025731,-0.05804872991818182,2.7437362999974266
37,2018-02-08,0.0,37.7,74.8,0.08,53.7,284.0,1.7,0.08,0.74183642346395,0.059346913877116,0.965610613879689,-0.059346913877116,2.6843893861203107
38,2018-02-09,0.0,37.4,75.8,0.08,53.9,281.0,1.9,0.08,0.7580637229506272,0.060645097836050176,1.0262557117157391,-0.060645097836050176,2.6237442882842608
39,2018-02-10,0.0,39.3,75.5,0.09,55.9,273.0,2.1,0.09,0.7742910224373044,0.0696861920193574,1.0959419037350966,-0.0696861920193574,2.5540580962649035
40,2018-02-11,0.0,30.6,62.4,0.05,45.6,191.0,2.8,0.05,0.7678146695510956,0.038390733477554784,1.1343326372126514,-0.038390733477554784,2.5156673627873487
41,2018-02-12,0.0,29.9,65.3,0.08,47.2,299.0,2.2,0.08,0.7613383166648867,0.060907065333190936,1.1952397025458423,-0.060907065333190936,2.4547602974541576
42,2018-02-13,0.0,33.0,65.3,0.1,51.6,303.0,3.4,0.1,0.7548619637786779,0.0754861963778678,1.2707258989237102,-0.0754861963778678,2.3792741010762897
43,2018-02-14,0.0,28.2,63.9,0.06,43.2,244.0,2.4,0.06,0.7483856108924691,0.04490313665354815,1.3156290355772584,-0.04490313665354815,2.3343709644227415
44,2018-02-15,0.0,30.4,72.1,0.09,47.2,310.0,1.9,0.09,0.7419092580062603,0.06677183322056342,1.3824008687978218,-0.06677183322056342,2.267599131202178
45,2018-02-16,0.0,26.9,65.9,0.09,45.3,306.0,2.1,0.08,0.7354329051200514,0.05883463240960412,1.4412355012074258,-0.05883463240960412,2.208764498792574
46,2018-02-17,0.0,29.9,69.2,0.09,48.5,303.0,2.2,0.08,0.7289565522338426,0.05831652417870741,1.4995520253861332,-0.05831652417870741,2.1504479746138663
47,2018-02-18,0.0,33.7,60.3,0.08,47.7,308.0,3.0,0.08,0.7224801993476337,0.057798415947810704,1.5573504413339438,-0.057798415947810704,2.0926495586660554
48,2018-02-19,0.0,27.2,54.7,0.06,39.5,244.0,2.0,0.06,0.7033290872959185,0.042199745237755104,1.599550186571699,-0.042199745237755104,2.0504498134283002
49,2018-02-20,0.0,22.2,53.7,0.07,38.4,280.0,2.1,0.06,0.6841779752442033,0.041050678514652196,1.6406008650863513,-0.041050678514652196,2.009399134913648
50,2018-02-21,0.0,30.0,57.3,0.08,43.1,303.0,2.4,0.08,0.665026863192488,0.053202149055399044,1.6938030141417504,-0.053202149055399044,1.9561969858582489
51,2018-02-22,0.02,26.8,55.6,0.06,41.1,242.0,2.1,0.06,0.6458757511407729,0.03875254506844637,1.7325555592101967,-0.018752545068446373,1.9374444407898024
52,2018-02-23,0.0,22.6,59.8,0.09,40.4,342.0,2.1,0.09,0.6267246390890576,0.05640521751801519,1.7889607767282119,-0.05640521751801519,1.8810392232717872
53,2018-02-24,0.0,23.7,59.8,0.07,41.6,290.0,2.3,0.07,0.6075735270373424,0.04253014689261397,1.8314909236208259,-0.04253014689261397,1.8385090763791732
54,2018-02-25,0.0,27.8,63.6,0.08,44.8,341.0,1.6,0.08,0.5884224149856272,0.047073793198850175,1.878564716819676,-0.047073793198850175,1.791435283180323
55,2018-02-26,0.08,34.9,60.4,0.06,47.3,269.0,1.6,0.06,0.5692713029339119,0.03415627817603471,1.9127209949957107,0.04584372182396529,1.8372790050042884
56,2018-02-27,0.0,32.0,62.3,0.1,46.7,361.0,2.0,0.1,0.5653351262355429,0.0565335126235543,1.969254507619265,-0.0565335126235543,1.7807454923807342
57,2018-02-28,0.2,27.3,58.1,0.05,43.8,198.0,3.1,0.04,0.561398949537174,0.02245595798148696,1.9917104656007518,0.17754404201851304,1.9582895343992472
58,2018-03-01,1.39,42.2,59.5,0.05,51.3,179.0,6.2,0.05,0.557462772838805,0.02787313864194025,2.0195836042426922,1.3621268613580597,3.3204163957573067
59,2018-03-02,0.16,31.4,50.5,0.03,41.2,181.0,2.1,0.04,0.5535265961404361,0.022141063845617443,2.04172466808831,0.13785893615438255,3.4582753319116892
60,2018-03-03,0.13,30.5,51.7,0.04,39.7,243.0,2.0,0.05,0.5495904194420671,0.027479520972103356,2.069204189060413,0.10252047902789665,3.560795810939586
61,2018-03-04,0.0,28.9,57.2,0.09,41.5,383.0,2.0,0.08,0.5456542427436981,0.04365233941949585,2.112856528479909,-0.04365233941949585,3.51714347152009
62,2018-03-05,0.0,28.3,62.9,0.1,44.6,391.0,1.6,0.09,0.5417180660453291,0.04875462594407962,2.1616111544239884,-0.04875462594407962,3.4683888455760106
63,2018-03-06,0.0,32.3,67.0,0.1,48.4,358.0,2.0,0.1,0.5377818893469601,0.05377818893469602,2.2153893433586846,-0.05377818893469602,3.4146106566413144
64,2018-03-07,0.06,41.0,69.2,0.1,54.1,310.0,2.3,0.09,0.539928387940753,0.04859355491466777,2.2639828982733525,0.011406445085332229,3.4260171017266465
65,2018-03-08,0.08,43.7,69.6,0.08,56.0,298.0,1.7,0.08,0.5420748865345459,0.04336599092276368,2.307348889196116,0.036634009077236324,3.4626511108038827
66,2018-03-09,0.0,38.1,66.3,0.07,51.4,289.0,2.2,0.07,0.544221385128339,0.03809549695898373,2.3454443861550995,-0.03809549695898373,3.424555613844899
67,2018-03-10,0.0,39.2,59.9,0.02,50.9,134.0,1.6,0.03,0.5463678837221319,0.016391036511663955,2.3618354226667635,-0.016391036511663955,3.408164577333235
68,2018-03-11,0.01,38.2,71.0,0.09,52.9,317.0,2.1,0.08,0.5485143823159248,0.04388115058527398,2.4057165732520374,-0.03388115058527398,3.374283426747961
69,2018-03-12,0.18,42.7,70.9,0.07,57.0,262.0,2.4,0.07,0.5506608809097177,0.03854626166368024,2.4442628349157176,0.14145373833631975,3.515737165084281
70,2018-03-13,0.49,47.7,61.1,0.04,55.3,169.0,3.8,0.04,0.5528073795035106,0.022112295180140424,2.466375130095858,0.4678877048198596,3.9836248699041406
71,2018-03-14,0.07,37.8,58.0,0.06,48.1,266.0,2.2,0.06,0.5549538780973036,0.033297232685838216,2.499672362781696,0.03670276731416179,4.020327637218302
72,2018-03-15,0.31,33.7,55.5,0.04,45.8,188.0,3.9,0.04,0.5571003766910965,0.02228401506764386,2.52195637784934,0.2877159849323561,4.308043622150659
73,2018-03-16,0.06,34.6,57.8,0.07,47.0,294.0,2.6,0.07,0.5592468752848894,0.03914728126994226,2.5611036591192824,0.020852718730057736,4.328896340880716
74,2018-03-17,0.04,32.9,56.9,0.06,43.2,267.0,2.1,0.05,0.5613933738786823,0.028069668693934114,2.5891733278132163,0.011930331306065887,4.340826672186782
75,2018-03-18,0.0,30.6,57.4,0.06,44.1,287.0,1.4,0.06,0.5635398724724752,0.033812392348348506,2.622985720161565,-0.033812392348348506,4.307014279838433
76,2018-03-19,0.0,31.5,63.6,0.09,49.0,364.0,1.7,0.09,0.5656863710662681,0.05091177339596412,2.6738974935575293,-0.05091177339596412,4.256102506442469
77,2018-03-20,0.39,46.7,54.6,0.01,51.4,71.0,3.1,0.01,0.5678328696600611,0.005678328696600611,2.67957582225413,0.3843216713033994,4.640424177745868
78,2018-03-21,0.47,51.6,62.3,0.01,56.1,103.0,1.7,0.02,0.569979368253854,0.01139958736507708,2.690975409619207,0.4586004126349229,5.099024590380791
79,2018-03-22,0.38,37.2,60.7,0.09,53.7,346.0,3.0,0.08,0.5721258668476469,0.04577006934781175,2.7367454789670185,0.33422993065218826,5.433254521032979
80,2018-03-23,0.24,33.1,61.4,0.11,47.8,399.0,3.2,0.1,0.5520207802871593,0.055202078028715934,2.7919475569957344,0.18479792197128406,5.618052443004263
81,2018-03-24,0.02,35.8,59.5,0.09,46.4,357.0,1.7,0.08,0.5319156937266717,0.042553255498133734,2.834500812493868,-0.022553255498133733,5.595499187506129
82,2018-03-25,0.17,32.9,61.1,0.09,44.9,370.0,2.1,0.08,0.5118106071661841,0.04094484857329473,2.875445661067163,0.1290551514267053,5.724554338932834
83,2018-03-26,0.0,33.0,71.0,0.14,50.6,472.0,1.9,0.13,0.49170552060569644,0.06392171767874054,2.9393673787459034,-0.06392171767874054,5.660632621254094
84,2018-03-27,0.0,43.7,74.7,0.15,59.4,460.0,2.4,0.14,0.47160043404520885,0.06602406076632925,3.0053914395122328,-0.06602406076632925,5.594608560487765
85,2018-03-28,0.0,41.6,78.4,0.14,58.3,462.0,1.1,0.13,0.4514953474847212,0.05869439517301376,3.0640858346852466,-0.05869439517301376,5.535914165314751
86,2018-03-29,0.0,43.8,81.9,0.15,60.5,469.0,1.3,0.14,0.4313902609242336,0.06039463652939271,3.1244804712146395,-0.06039463652939271,5.475519528785359
87,2018-03-30,0.0,43.7,79.1,0.12,60.7,385.0,1.1,0.11,0.411285174363746,0.045241369180012064,3.1697218403946517,-0.045241369180012064,5.430278159605347
88,2018-03-31,0.0,42.9,73.7,0.14,55.7,438.0,2.6,0.13,0.4319644714394176,0.05615538128712429,3.225877221681776,-0.05615538128712429,5.374122778318223
89,2018-04-01,0.0,42.7,74.8,0.14,56.3,446.0,2.5,0.13,0.45264376851508914,0.05884368990696159,3.284720911588738,-0.05884368990696159,5.315279088411262
90,2018-04-02,0.0,41.2,71.7,0.14,55.5,478.0,1.7,0.13,0.47332306559076065,0.06153199852679889,3.346252910115537,-0.06153199852679889,5.253747089884463
91,2018-04-03,0.0,39.0,69.4,0.14,54.0,487.0,2.8,0.13,0.4940023626664322,0.0642203071466362,3.4104732172621732,-0.0642203071466362,5.189526782737827
92,2018-04-04,0.0,44.8,70.2,0.11,55.1,394.0,2.2,0.11,0.5146816597421038,0.05661498257163142,3.4670881998338046,-0.05661498257163142,5.1329118001661955
93,2018-04-05,0.25,48.7,61.2,0.04,55.0,172.0,2.3,0.04,0.5353609568177753,0.02141443827271101,3.4885026381065156,0.228585561727289,5.361497361893485
94,2018-04-06,2.41,55.5,60.9,0.0,58.7,83.0,1.8,0.01,0.5560402538934468,0.005560402538934468,3.4940630406454503,2.4044395974610655,7.76593695935455
95,2018-04-07,0.55,50.1,66.5,0.12,59.1,425.0,1.8,0.11,0.5767195509691184,0.06343915060660303,3.5575021912520532,0.486560849393397,8.252497808747947
96,2018-04-08,0.0,43.9,68.0,0.13,54.4,481.0,1.4,0.13,0.5708957826531876,0.0742164517449144,3.6317186429969674,-0.0742164517449144,8.178281357003032
97,2018-04-09,0.0,42.3,75.7,0.13,58.9,452.0,1.9,0.13,0.565072014337257,0.0734593618638434,3.705178004860811,-0.0734593618638434,8.104821995139188
98,2018-04-10,0.0,45.7,64.2,0.05,55.6,226.0,2.2,0.06,0.5592482460213262,0.03355489476127957,3.7387328996220903,-0.03355489476127957,8.07126710037791
99,2018-04-11,0.11,41.6,62.1,0.07,50.8,282.0,2.5,0.07,0.5534244777053954,0.03873971343937768,3.777472613061468,0.07126028656062232,8.142527386938532
100,2018-04-12,0.0,35.3,60.9,0.13,48.9,487.0,2.5,0.12,0.5476007093894646,0.06571208512673575,3.843184698188204,-0.06571208512673575,8.076815301811797
101,2018-04-13,0.0,35.5,71.6,0.15,53.1,507.0,1.6,0.14,0.5417769410735338,0.07584877175029474,3.919033469938499,-0.07584877175029474,8.000966530061502
102,2018-04-14,0.0,41.8,74.5,0.16,56.7,512.0,2.2,0.15,0.5359531727576031,0.08039297591364046,3.9994264458521394,-0.08039297591364046,7.920573554147862
103,2018-04-15,0.17,39.9,64.1,0.07,50.2,284.0,2.8,0.07,0.5301294044416723,0.03710905831091707,4.036535504163057,0.13289094168908294,8.053464495836945
104,2018-04-16,0.23,37.5,57.9,0.06,45.7,278.0,1.3,0.06,0.5075962312561172,0.03045577387536703,4.066991278038424,0.199544226124633,8.253008721961578
105,2018-04-17,0.0,33.8,63.2,0.14,48.7,532.0,1.7,0.13,0.48506305807056205,0.06305819754917306,4.130049475587597,-0.06305819754917306,8.189950524412405
106,2018-04-18,0.0,38.8,61.6,0.09,49.7,365.0,1.5,0.09,0.46252988488500696,0.04162768963965063,4.171677165227248,-0.04162768963965063,8.148322834772754
107,2018-04-19,0.0,34.5,68.8,0.16,51.7,548.0,2.7,0.14,0.4399967116994518,0.06159953963792326,4.233276704865171,-0.06159953963792326,8.086723295134831
108,2018-04-20,0.0,40.4,75.3,0.17,55.9,541.0,2.8,0.15,0.41746353851389667,0.0626195307770845,4.295896235642255,-0.0626195307770845,8.024103764357747
109,2018-04-21,0.0,42.5,79.6,0.17,58.7,532.0,2.0,0.15,0.3949303653283416,0.059239554799251234,4.355135790441506,-0.059239554799251234,7.964864209558496
110,2018-04-22,0.0,40.8,81.1,0.17,60.8,525.0,2.0,0.16,0.37239719214278644,0.05958355074284583,4.414719341184352,-0.05958355074284583,7.90528065881565
111,2018-04-23,0.0,48.3,80.5,0.18,61.6,539.0,2.7,0.17,0.3498640189572313,0.05947688322272932,4.474196224407081,-0.05947688322272932,7.845803775592921
112,2018-04-24,0.0,46.9,70.8,0.13,56.2,434.0,3.9,0.11,0.3529920383241105,0.038829124215652155,4.513025348622733,-0.038829124215652155,7.806974651377269
113,2018-04-25,0.0,41.9,70.1,0.15,54.3,502.0,3.9,0.13,0.35612005769098976,0.04629560749982867,4.559320956122562,-0.04629560749982867,7.76067904387744
114,2018-04-26,0.0,46.0,64.9,0.14,53.7,486.0,4.5,0.12,0.359248077057869,0.04310976924694428,4.602430725369507,-0.04310976924694428,7.717569274630495
115,2018-04-27,0.0,46.2,66.6,0.1,56.0,364.0,3.3,0.1,0.3623760964247482,0.03623760964247482,4.638668335011982,-0.03623760964247482,7.68133166498802
116,2018-04-28,0.0,44.8,63.5,0.08,54.2,301.0,2.3,0.08,0.3655041157916274,0.029240329263330193,4.667908664275312,-0.029240329263330193,7.65209133572469
117,2018-04-29,0.0,40.5,67.2,0.13,54.8,472.0,2.4,0.12,0.3686321351585066,0.04423585621902079,4.712144520494332,-0.04423585621902079,7.60785547950567
118,2018-04-30,0.0,39.5,67.0,0.14,53.2,475.0,1.9,0.13,0.37176015452538586,0.04832882008830016,4.7604733405826325,-0.04832882008830016,7.55952665941737
119,2018-05-01,0.0,39.8,71.0,0.16,54.5,538.0,2.5,0.15,0.3748881738922651,0.05623322608383976,4.816706566666472,-0.05623322608383976,7.50329343333353
120,2018-05-02,0.0,49.3,67.5,0.16,57.3,553.0,3.8,0.14,0.36801644701394354,0.051522302581952104,4.868228869248424,-0.051522302581952104,7.451771130751578
121,2018-05-03,0.0,49.1,68.3,0.11,55.1,422.0,2.1,0.11,0.36114472013562204,0.03972591921491842,4.907954788463342,-0.03972591921491842,7.41204521153666
122,2018-05-04,0.0,43.5,80.1,0.15,57.4,492.0,2.0,0.14,0.35427299325730055,0.04959821905602208,4.957553007519364,-0.04959821905602208,7.362446992480638
123,2018-05-05,0.0,43.7,71.3,0.11,56.1,417.0,2.6,0.12,0.347401266378979,0.041688151965477475,4.999241159484841,-0.041688151965477475,7.320758840515161
124,2018-05-06,0.0,46.8,67.7,0.14,56.8,489.0,3.3,0.13,0.34052953950065745,0.04426884013508547,5.043509999619927,-0.04426884013508547,7.276490000380075
125,2018-05-07,0.0,42.6,79.4,0.19,59.9,588.0,2.1,0.17,0.33365781262233596,0.05672182814579712,5.1002318277657235,-0.05672182814579712,7.219768172234279
126,2018-05-08,0.0,44.2,76.4,0.17,59.1,583.0,1.4,0.16,0.32678608574401447,0.05228577371904231,5.152517601484766,-0.05228577371904231,7.1674823985152365
127,2018-05-09,0.0,47.9,73.5,0.17,60.5,581.0,2.0,0.16,0.3199143588656929,0.05118629741851087,5.203703898903276,-0.05118629741851087,7.116296101096726
128,2018-05-10,0.0,42.2,76.2,0.16,58.8,528.0,1.5,0.15,0.3232460681739736,0.04848691022609604,5.252190809129372,-0.04848691022609604,7.06780919087063
129,2018-05-11,0.0,44.0,84.6,0.21,65.0,596.0,2.5,0.19,0.32657777748225425,0.062049777721628306,5.3142405868510005,-0.062049777721628306,7.0057594131490015
130,2018-05-12,0.0,52.1,81.4,0.2,64.0,587.0,3.7,0.18,0.32990948679053494,0.059383707622296285,5.373624294473297,-0.059383707622296285,6.946375705526705
131,2018-05-13,0.0,53.2,69.2,0.12,58.2,401.0,3.7,0.11,0.33324119609881564,0.03665653157086972,5.410280826044167,-0.03665653157086972,6.9097191739558355
132,2018-05-14,0.0,52.0,65.7,0.12,56.4,425.0,3.0,0.11,0.33657290540709633,0.0370230195947806,5.447303845638947,-0.0370230195947806,6.872696154361055
133,2018-05-15,0.0,51.7,68.5,0.13,58.0,459.0,2.7,0.13,0.33990461471537703,0.04418759991299902,5.491491445551946,-0.04418759991299902,6.828508554448056
134,2018-05-16,0.0,45.3,69.5,0.13,57.3,441.0,4.2,0.13,0.34323632402365767,0.044620722123075496,5.536112167675022,-0.044620722123075496,6.7838878323249805
135,2018-05-17,0.0,43.1,72.7,0.18,57.2,583.0,3.1,0.16,0.34656803333193836,0.05545088533311014,5.591563053008132,-0.05545088533311014,6.72843694699187
136,2018-05-18,0.0,43.7,70.0,0.15,55.6,527.0,2.7,0.14,0.36585154773444317,0.05121921668282205,5.642782269690954,-0.05121921668282205,6.677217730309048
137,2018-05-19,0.0,43.7,70.6,0.17,56.5,597.0,2.5,0.16,0.3851350621369479,0.06162160994191167,5.704403879632866,-0.06162160994191167,6.615596120367136
138,2018-05-20,0.0,43.2,70.2,0.15,56.3,518.0,2.3,0.14,0.40441857653945273,0.05661860071552339,5.76102248034839,-0.05661860071552339,6.558977519651612
139,2018-05-21,0.0,42.1,71.7,0.18,57.0,594.0,3.3,0.16,0.42370209094195754,0.0677923345507132,5.828814814899103,-0.0677923345507132,6.491185185100899
140,2018-05-22,0.0,48.7,68.2,0.12,57.1,425.0,4.4,0.1,0.4429856053444623,0.04429856053444623,5.873113375433549,-0.04429856053444623,6.446886624566453
141,2018-05-23,0.0,53.9,62.0,0.04,56.9,188.0,4.2,0.05,0.4622691197469671,0.023113455987348357,5.896226831420898,-0.023113455987348357,6.423773168579104
142,2018-05-24,0.0,51.7,66.9,0.12,57.6,409.0,4.6,0.11,0.4815526341494719,0.05297078975644191,5.94919762117734,-0.05297078975644191,6.370802378822662
143,2018-05-25,0.0,52.8,64.6,0.05,57.1,216.0,3.7,0.05,0.5008361485519767,0.025041807427598834,5.974239428604938,-0.025041807427598834,6.345760571395064
144,2018-05-26,0.0,46.6,69.8,0.14,59.2,471.0,2.4,0.13,0.5055128479264646,0.0657166702304404,6.039956098835378,-0.0657166702304404,6.280043901164624
145,2018-05-27,0.0,44.1,79.5,0.19,61.6,599.0,3.2,0.18,0.5101895473009526,0.09183411851417146,6.1317902173495495,-0.09183411851417146,6.1882097826504525
146,2018-05-28,0.0,48.3,89.0,0.22,66.3,600.0,3.5,0.21,0.5148662466754405,0.1081219118018425,6.239912129151392,-0.1081219118018425,6.08008787084861
147,2018-05-29,0.0,49.6,80.0,0.21,64.0,610.0,3.5,0.19,0.5195429460499283,0.09871315974948638,6.338625288900879,-0.09871315974948638,5.981374711099123
148,2018-05-30,0.0,45.2,69.4,0.18,56.7,550.0,5.5,0.16,0.5242196454244163,0.08387514326790661,6.4225004321687855,-0.08387514326790661,5.8974995678312165
149,2018-05-31,0.0,44.8,70.0,0.19,57.1,605.0,3.7,0.17,0.5288963447989042,0.08991237861581372,6.512412810784599,-0.08991237861581372,5.807587189215403
150,2018-06-01,0.0,40.4,81.3,0.19,60.3,605.0,1.9,0.18,0.5335730441733922,0.0960431479512106,6.608455958735809,-0.0960431479512106,5.711544041264193
151,2018-06-02,0.0,46.3,89.3,0.23,67.0,624.0,2.7,0.22,0.5382497435478801,0.11841494358053363,6.726870902316342,-0.11841494358053363,5.59312909768366
152,2018-06-03,0.0,51.6,83.9,0.19,65.9,596.0,1.8,0.18,0.5403732665316324,0.09726718797569384,6.8241380902920366,-0.09726718797569384,5.4958619097079655
153,2018-06-04,0.0,44.2,78.9,0.2,61.6,612.0,2.2,0.19,0.5424967895153848,0.10307439000792312,6.92721248029996,-0.10307439000792312,5.392787519700042
154,2018-06-05,0.0,39.5,73.6,0.18,58.2,612.0,1.6,0.17,0.5446203124991371,0.09258545312485332,7.019797933424813,-0.09258545312485332,5.300202066575189
155,2018-06-06,0.0,43.0,73.3,0.17,57.8,592.0,1.6,0.16,0.5467438354828895,0.08747901367726232,7.107276947102075,-0.08747901367726232,5.212723052897927
156,2018-06-07,0.0,44.4,75.8,0.18,59.6,599.0,1.5,0.17,0.5488673584666418,0.09330745093932911,7.2005843980414035,-0.09330745093932911,5.119415601958599
157,2018-06-08,0.0,41.2,80.6,0.19,61.7,601.0,2.0,0.18,0.5509908814503941,0.09917835866107093,7.299762756702474,-0.09917835866107093,5.020237243297528
158,2018-06-09,0.0,49.5,73.0,0.17,62.1,558.0,1.7,0.16,0.5531144044341465,0.08849830470946345,7.388261061411938,-0.08849830470946345,4.931738938588064
159,2018-06-10,0.0,40.0,76.2,0.19,59.1,610.0,1.9,0.18,0.5552379274178988,0.09994282693522177,7.48820388834716,-0.09994282693522177,4.831796111652842
160,2018-06-11,0.0,44.1,84.8,0.21,64.8,614.0,2.0,0.2,0.5605094108227321,0.11210188216454642,7.6003057705117065,-0.11210188216454642,4.7196942294882955
161,2018-06-12,0.0,48.8,86.7,0.21,66.5,606.0,2.7,0.2,0.5657808942275655,0.1131561788455131,7.713461949357219,-0.1131561788455131,4.606538050642783
162,2018-06-13,0.0,48.1,88.5,0.22,65.9,612.0,3.1,0.21,0.5710523776323988,0.11992099930280374,7.833382948660023,-0.11992099930280374,4.486617051339979
163,2018-06-14,0.0,48.5,71.1,0.18,59.8,585.0,3.7,0.16,0.5763238610372321,0.09221181776595713,7.92559476642598,-0.09221181776595713,4.394405233574022
164,2018-06-15,0.0,46.8,66.3,0.18,58.5,595.0,6.7,0.15,0.5815953444420655,0.08723930166630982,8.012834068092289,-0.08723930166630982,4.307165931907712
165,2018-06-16,0.0,44.3,75.6,0.19,58.3,602.0,4.9,0.17,0.5868668278468988,0.0997673607339728,8.112601428826261,-0.0997673607339728,4.20739857117374
166,2018-06-17,0.0,49.9,70.7,0.16,61.1,488.0,4.9,0.14,0.5921383112517322,0.08289936357524252,8.195500792401504,-0.08289936357524252,4.124499207598498
167,2018-06-18,0.0,51.0,77.4,0.18,62.1,542.0,4.4,0.17,0.5974097946565655,0.10155966509161614,8.297060457493119,-0.10155966509161614,4.022939542506881
168,2018-06-19,0.0,50.0,79.8,0.18,60.5,552.0,4.0,0.16,0.5941000097786238,0.0950560015645798,8.392116459057698,-0.0950560015645798,3.9278835409423016
169,2018-06-20,0.0,42.9,77.7,0.19,60.1,573.0,4.3,0.18,0.5907902249006821,0.10634224048212278,8.498458699539821,-0.10634224048212278,3.821541300460179
170,2018-06-21,0.0,38.7,78.2,0.2,59.5,615.0,3.6,0.18,0.5874804400227405,0.10574647920409327,8.604205178743914,-0.10574647920409327,3.7157948212560856
171,2018-06-22,0.0,47.4,91.2,0.22,66.8,613.0,3.0,0.21,0.5841706551447987,0.12267583758040773,8.726881016324322,-0.12267583758040773,3.593118983675678
172,2018-06-23,0.0,51.8,93.7,0.23,71.6,615.0,2.9,0.23,0.580860870266857,0.1335980001613771,8.8604790164857,-0.1335980001613771,3.4595209835143006
173,2018-06-24,0.0,49.1,82.0,0.2,65.2,598.0,4.0,0.19,0.5775510853889153,0.1097347062238939,8.970213722709593,-0.1097347062238939,3.3497862772904066
174,2018-06-25,0.0,51.3,70.9,0.16,61.5,507.0,5.5,0.14,0.5742413005109737,0.08039378207153632,9.050607504781128,-0.08039378207153632,3.26939249521887
175,2018-06-26,0.0,44.7,73.0,0.19,59.2,605.0,4.1,0.17,0.5709315156330319,0.09705835765761543,9.147665862438744,-0.09705835765761543,3.1723341375612546
176,2018-06-27,0.0,42.1,68.3,0.17,56.1,541.0,4.4,0.14,0.5736467893520864,0.0803105505092921,9.227976412948037,-0.0803105505092921,3.0920235870519623
177,2018-06-28,0.0,42.4,78.3,0.2,61.6,597.0,3.1,0.19,0.5763620630711407,0.10950879198351673,9.337485204931554,-0.10950879198351673,2.9825147950684454
178,2018-06-29,0.0,48.0,81.0,0.2,64.4,592.0,2.8,0.19,0.5790773367901951,0.11002469399013708,9.447509898921691,-0.11002469399013708,2.8724901010783084
179,2018-06-30,0.0,51.0,83.7,0.2,66.5,589.0,2.0,0.19,0.5817926105092495,0.1105405959967574,9.558050494918449,-0.1105405959967574,2.761949505081551
180,2018-07-01,0.0,48.8,78.6,0.16,61.9,485.0,3.4,0.14,0.5845078842283039,0.08183110379196255,9.639881598710412,-0.08183110379196255,2.6801184012895884
181,2018-07-02,0.0,53.1,71.5,0.14,61.1,440.0,4.6,0.13,0.5872231579473584,0.07633901053315659,9.71622060924357,-0.07633901053315659,2.603779390756432
182,2018-07-03,0.0,53.0,71.4,0.17,61.4,515.0,5.2,0.15,0.5899384316664127,0.0884907647499619,9.80471137399353,-0.0884907647499619,2.51528862600647
183,2018-07-04,0.0,45.2,71.5,0.14,59.4,441.0,3.6,0.13,0.5926537053854671,0.07704498170011073,9.881756355693641,-0.07704498170011073,2.4382436443063593
184,2018-07-05,0.0,42.2,85.4,0.2,62.3,573.0,3.2,0.18,0.5884669436848285,0.10592404986326913,9.98768040555691,-0.10592404986326913,2.3323195944430903
185,2018-07-06,0.0,54.6,90.0,0.13,68.6,378.0,2.2,0.14,0.5842801819841901,0.08179922547778662,10.069479631034696,-0.08179922547778662,2.2505203689653035
186,2018-07-07,0.0,48.2,87.0,0.2,67.7,528.0,2.8,0.19,0.5800934202835515,0.11021774985387478,10.179697380888571,-0.11021774985387478,2.140302619111429
187,2018-07-08,0.0,45.6,84.8,0.22,64.9,586.0,3.2,0.2,0.5759066585829129,0.11518133171658258,10.294878712605154,-0.11518133171658258,2.0251212873948465
188,2018-07-09,0.0,44.2,92.1,0.21,68.4,580.0,2.0,0.19,0.5717198968822743,0.10862678040763211,10.403505493012787,-0.10862678040763211,1.9164945069872144
189,2018-07-10,0.0,48.3,91.5,0.21,69.6,583.0,2.7,0.2,0.5675331351816357,0.11350662703632715,10.517012120049115,-0.11350662703632715,1.8029878799508872
190,2018-07-11,0.0,50.7,78.2,0.16,63.3,515.0,3.0,0.15,0.5633463734809973,0.08450195602214959,10.601514076071265,-0.08450195602214959,1.7184859239287376
191,2018-07-12,0.0,49.0,80.5,0.19,65.1,529.0,4.1,0.17,0.5591596117803587,0.09505713400266098,10.696571210073925,-0.09505713400266098,1.6234287899260766
192,2018-07-13,0.0,59.2,89.3,0.18,71.2,477.0,3.4,0.18,0.556977704136677,0.10025598674460186,10.796827196818526,-0.10025598674460186,1.5231728031814749
193,2018-07-14,0.0,57.1,83.9,0.19,66.3,539.0,4.3,0.17,0.5547957964929953,0.09431528540380921,10.891142482222335,-0.09431528540380921,1.4288575177776657
194,2018-07-15,0.0,55.4,81.7,0.18,65.0,513.0,5.2,0.17,0.5526138888493136,0.09394436110438333,10.98508684332672,-0.09394436110438333,1.3349131566732824
195,2018-07-16,0.0,53.5,83.7,0.18,64.6,509.0,4.3,0.16,0.550431981205632,0.08806911699290111,11.073155960319621,-0.08806911699290111,1.2468440396803813
196,2018-07-17,0.0,51.2,79.1,0.17,63.2,508.0,3.9,0.15,0.5482500735619503,0.08223751103429254,11.155393471353914,-0.08223751103429254,1.1646065286460887
197,2018-07-18,0.0,48.9,78.5,0.17,62.7,512.0,3.6,0.15,0.5460681659182687,0.0819102248877403,11.237303696241655,-0.0819102248877403,1.0826963037583484
198,2018-07-19,0.0,48.0,78.9,0.17,62.5,518.0,3.4,0.16,0.5438862582745869,0.0870218013239339,11.324325497565589,-0.0870218013239339,0.9956745024344145
199,2018-07-20,0.0,48.5,80.0,0.18,64.0,514.0,4.4,0.16,0.5417043506309053,0.08667269610094484,11.410998193666533,-0.08667269610094484,0.9090018063334696
200,2018-07-21,0.0,58.1,83.7,0.18,68.5,487.0,5.3,0.17,0.5417043506309053,0.0920897396072539,11.503087933273786,-0.0920897396072539,0.8169120667262157
201,2018-07-22,0.0,58.5,85.4,0.19,68.2,518.0,4.9,0.18,0.5417043506309053,0.09750678311356295,11.600594716387349,-0.09750678311356295,0.7194052836126528
202,2018-07-23,0.0,56.0,87.3,0.19,66.6,532.0,4.1,0.18,0.5417043506309053,0.09750678311356295,11.698101499500911,-0.09750678311356295,0.6218985004990898
203,2018-07-24,0.0,51.8,87.2,0.19,66.3,524.0,3.8,0.18,0.5417043506309053,0.09750678311356295,11.795608282614474,-0.09750678311356295,0.5243917173855268
204,2018-07-25,0.0,52.0,92.4,0.19,67.2,532.0,3.0,0.18,0.5417043506309053,0.09750678311356295,11.893115065728036,-0.09750678311356295,0.42688493427196383
205,2018-07-26,0.0,49.2,78.8,0.18,62.1,526.0,4.3,0.16,0.5417043506309053,0.08667269610094484,11.97978776182898,-0.08667269610094484,0.340212238171019
206,2018-07-27,0.0,50.2,72.9,0.17,60.1,525.0,4.2,0.15,0.5417043506309053,0.08125565259463578,12.061043414423617,-0.08125565259463578,0.2589565855763832
207,2018-07-28,0.0,46.5,74.6,0.14,60.0,464.0,2.8,0.13,0.5417043506309053,0.07042156558201769,12.131464980005635,-0.07042156558201769,0.1885350199943655
208,2018-07-29,0.0,44.9,73.2,0.13,59.4,439.0,3.4,0.12,0.5417043506309053,0.06500452207570863,12.196469502081344,-0.06500452207570863,0.12353049791865688
209,2018-07-30,0.0,45.3,74.6,0.14,60.2,457.0,3.7,0.13,0.5417043506309053,0.07042156558201769,12.266891067663362,-0.07042156558201769,0.053108932336639186
210,2018-07-31,0.0,48.3,74.1,0.15,61.3,466.0,3.6,0.13,0.5417043506309053,0.07042156558201769,12.33731263324538,-0.07042156558201769,-0.017312633245378503
211,2018-08-01,0.0,47.4,74.8,0.15,60.1,498.0,2.7,0.14,0.5417043506309053,0.07583860908832675,12.413151242333708,-0.07583860908832675,-0.09315124233370525
212,2018-08-02,0.0,45.0,76.4,0.15,60.0,497.0,2.7,0.14,0.5417043506309053,0.07583860908832675,12.488989851422035,-0.07583860908832675,-0.168989851422032
213,2018-08-03,0.0,45.2,83.6,0.16,63.2,487.0,2.3,0.15,0.5417043506309053,0.08125565259463578,12.570245504016672,-0.08125565259463578,-0.2502455040166678
214,2018-08-04,0.0,51.0,90.3,0.18,67.6,525.0,1.6,0.17,0.5417043506309053,0.0920897396072539,12.662335243623925,-0.0920897396072539,-0.3423352436239217
215,2018-08-05,0.0,46.7,81.4,0.16,62.5,490.0,2.0,0.15,0.5417043506309053,0.08125565259463578,12.743590896218562,-0.08125565259463578,-0.4235908962185575
216,2018-08-06,0.0,46.5,91.3,0.17,65.2,507.0,1.8,0.17,0.5417043506309053,0.0920897396072539,12.835680635825815,-0.0920897396072539,-0.5156806358258114
217,2018-08-07,0.0,44.9,73.3,0.13,59.6,442.0,1.9,0.13,0.5417043506309053,0.07042156558201769,12.906102201407833,-0.07042156558201769,-0.5861022014078291
218,2018-08-08,0.0,51.0,78.2,0.12,61.8,396.0,2.7,0.11,0.5417043506309053,0.05958747856939958,12.965689679977233,-0.05958747856939958,-0.6456896799772287
219,2018-08-09,0.0,48.3,86.8,0.15,64.5,456.0,2.1,0.14,0.5417043506309053,0.07583860908832675,13.04152828906556,-0.07583860908832675,-0.7215282890655554
220,2018-08-10,0.0,44.5,92.7,0.17,65.6,499.0,2.2,0.16,0.5417043506309053,0.08667269610094484,13.128200985166504,-0.08667269610094484,-0.8082009851665003
